# ************************************************************
# Sequel Pro SQL dump
# Version 4096
#
# http://www.sequelpro.com/
# http://code.google.com/p/sequel-pro/
#
# Host: 127.0.0.1 (MySQL 5.5.42)
# Database: clubclever
# Generation Time: 2016-07-14 12:13:49 +0000
# ************************************************************


/*!40101 SET @OLD_CHARACTER_SET_CLIENT=@@CHARACTER_SET_CLIENT */;
/*!40101 SET @OLD_CHARACTER_SET_RESULTS=@@CHARACTER_SET_RESULTS */;
/*!40101 SET @OLD_COLLATION_CONNECTION=@@COLLATION_CONNECTION */;
/*!40101 SET NAMES utf8 */;
/*!40014 SET @OLD_FOREIGN_KEY_CHECKS=@@FOREIGN_KEY_CHECKS, FOREIGN_KEY_CHECKS=0 */;
/*!40101 SET @OLD_SQL_MODE=@@SQL_MODE, SQL_MODE='NO_AUTO_VALUE_ON_ZERO' */;
/*!40111 SET @OLD_SQL_NOTES=@@SQL_NOTES, SQL_NOTES=0 */;


# Dump of table categories
# ------------------------------------------------------------

DROP TABLE IF EXISTS `categories`;

CREATE TABLE `categories` (
  `id` int(11) unsigned NOT NULL AUTO_INCREMENT,
  `name` varchar(50) NOT NULL DEFAULT '',
  `description` mediumtext,
  PRIMARY KEY (`id`)
) ENGINE=InnoDB AUTO_INCREMENT=31 DEFAULT CHARSET=utf8;

LOCK TABLES `categories` WRITE;
/*!40000 ALTER TABLE `categories` DISABLE KEYS */;

INSERT INTO `categories` (`id`, `name`, `description`)
VALUES
	(1,'Кремы для рук',NULL),
	(2,'Кремы для тела',NULL),
	(3,'Кремы для ног',NULL),
	(4,'Скрабы',NULL),
	(5,'Бальзамы для губ',NULL),
	(6,'Кремы для лица',NULL),
	(7,'Шампуни',NULL),
	(8,'Бальзамы для волос',NULL),
	(9,'Маски для волос',NULL),
	(10,'Масла',NULL),
	(11,'Мыло',NULL),
	(12,'Тоники',NULL),
	(13,'Маски для лица',NULL),
	(14,'Краски для волос',NULL),
	(15,'Соли для ванн',NULL),
	(16,'Дезодоранты',NULL),
	(17,'Декоративная косметика',NULL),
	(21,'Наборы',NULL),
	(22,'Бурлящие шарики',NULL),
	(23,'Гели для душа',NULL),
	(24,'Зубные порошки',NULL),
	(25,'Молочко',NULL),
	(26,'Средства для посуды',NULL),
	(27,'Порошки для стирки',NULL),
	(28,'Средства для уборки',NULL),
	(29,'Репеленты',NULL),
	(30,'Прочее',NULL);

/*!40000 ALTER TABLE `categories` ENABLE KEYS */;
UNLOCK TABLES;


# Dump of table effects
# ------------------------------------------------------------

DROP TABLE IF EXISTS `effects`;

CREATE TABLE `effects` (
  `id` int(11) unsigned NOT NULL AUTO_INCREMENT,
  `name` varchar(50) DEFAULT NULL,
  PRIMARY KEY (`id`)
) ENGINE=InnoDB AUTO_INCREMENT=25 DEFAULT CHARSET=utf8;

LOCK TABLES `effects` WRITE;
/*!40000 ALTER TABLE `effects` DISABLE KEYS */;

INSERT INTO `effects` (`id`, `name`)
VALUES
	(1,'Очищение'),
	(2,'Антивозрастной уход'),
	(3,'Дневной уход'),
	(4,'Ночной уход'),
	(5,'Защита от солнца'),
	(6,'Антицеллюлитный уход'),
	(7,'Увлажнение'),
	(8,'SPA процедуры'),
	(9,'Лифтинг'),
	(10,'Омоложение'),
	(11,'Матирование'),
	(12,'Питание'),
	(13,'Сужение пор'),
	(14,'Укрепление'),
	(15,'Упругость'),
	(16,'Восстановление'),
	(17,'Депиляция'),
	(18,'Блеск'),
	(19,'Выпрямление'),
	(20,'Объем'),
	(21,'Ускорение рост волос'),
	(22,'Удаление перхоти'),
	(23,'Устранение запаха'),
	(24,'Дезодарирование');

/*!40000 ALTER TABLE `effects` ENABLE KEYS */;
UNLOCK TABLES;


# Dump of table firms
# ------------------------------------------------------------

DROP TABLE IF EXISTS `firms`;

CREATE TABLE `firms` (
  `id` int(11) unsigned NOT NULL AUTO_INCREMENT,
  `name` varchar(50) NOT NULL DEFAULT '',
  `description` mediumtext,
  PRIMARY KEY (`id`)
) ENGINE=InnoDB AUTO_INCREMENT=4 DEFAULT CHARSET=utf8;

LOCK TABLES `firms` WRITE;
/*!40000 ALTER TABLE `firms` DISABLE KEYS */;

INSERT INTO `firms` (`id`, `name`, `description`)
VALUES
	(1,'Мастерская Олеси Мустаевой','Наша миссия\nСоздать альтернативу безопасным и эффективным зарубежным брендам, дать возможность любому человеку с обычным достатком пользоваться качественными, действенными средствами по приемлемой цене. Лучшее – не значит дорогое.'),
	(2,'БиоБьюти',NULL),
	(3,'МиКо',NULL);

/*!40000 ALTER TABLE `firms` ENABLE KEYS */;
UNLOCK TABLES;


# Dump of table goods
# ------------------------------------------------------------

DROP TABLE IF EXISTS `goods`;

CREATE TABLE `goods` (
  `id` int(11) unsigned NOT NULL AUTO_INCREMENT,
  `name` varchar(50) NOT NULL DEFAULT '',
  `description` mediumtext,
  `firmId` int(11) unsigned DEFAULT NULL,
  `sale` int(2) NOT NULL DEFAULT '0',
  `madeOf` mediumtext,
  `howTo` mediumtext,
  PRIMARY KEY (`id`),
  KEY `firmId` (`firmId`),
  CONSTRAINT `goods_ibfk_1` FOREIGN KEY (`firmId`) REFERENCES `firms` (`id`) ON DELETE SET NULL ON UPDATE CASCADE
) ENGINE=InnoDB AUTO_INCREMENT=14 DEFAULT CHARSET=utf8;

LOCK TABLES `goods` WRITE;
/*!40000 ALTER TABLE `goods` DISABLE KEYS */;

INSERT INTO `goods` (`id`, `name`, `description`, `firmId`, `sale`, `madeOf`, `howTo`)
VALUES
	(8,'cvsd-updated','cxvxc-upd',1,12,'howTo','sdsdfsd'),
	(13,'Мыло хозяйственное','Хорошо отстирывает все что угодно',1,0,'Намылить','Мыло - 100%');

/*!40000 ALTER TABLE `goods` ENABLE KEYS */;
UNLOCK TABLES;


# Dump of table goods-categories
# ------------------------------------------------------------

DROP TABLE IF EXISTS `goods-categories`;

CREATE TABLE `goods-categories` (
  `id` int(11) unsigned NOT NULL AUTO_INCREMENT,
  `goodId` int(11) unsigned NOT NULL,
  `categoryId` int(10) unsigned NOT NULL,
  PRIMARY KEY (`id`),
  KEY `goodId` (`goodId`),
  KEY `fk-category` (`categoryId`),
  CONSTRAINT `fk-category` FOREIGN KEY (`categoryId`) REFERENCES `categories` (`id`) ON DELETE CASCADE ON UPDATE CASCADE,
  CONSTRAINT `goods-categories_ibfk_1` FOREIGN KEY (`goodId`) REFERENCES `goods` (`id`) ON DELETE CASCADE ON UPDATE CASCADE
) ENGINE=InnoDB AUTO_INCREMENT=41 DEFAULT CHARSET=utf8;

LOCK TABLES `goods-categories` WRITE;
/*!40000 ALTER TABLE `goods-categories` DISABLE KEYS */;

INSERT INTO `goods-categories` (`id`, `goodId`, `categoryId`)
VALUES
	(35,8,1),
	(36,8,3),
	(38,8,7),
	(39,8,11),
	(40,13,11);

/*!40000 ALTER TABLE `goods-categories` ENABLE KEYS */;
UNLOCK TABLES;


# Dump of table goods-effects
# ------------------------------------------------------------

DROP TABLE IF EXISTS `goods-effects`;

CREATE TABLE `goods-effects` (
  `id` int(11) unsigned NOT NULL AUTO_INCREMENT,
  `goodId` int(11) unsigned NOT NULL,
  `effectId` int(11) unsigned NOT NULL,
  PRIMARY KEY (`id`),
  KEY `goodId` (`goodId`),
  KEY `fk_effects` (`effectId`),
  CONSTRAINT `fk_effects` FOREIGN KEY (`effectId`) REFERENCES `effects` (`id`) ON DELETE CASCADE ON UPDATE CASCADE,
  CONSTRAINT `goods-effects_ibfk_1` FOREIGN KEY (`goodId`) REFERENCES `goods` (`id`) ON DELETE CASCADE ON UPDATE CASCADE
) ENGINE=InnoDB AUTO_INCREMENT=20 DEFAULT CHARSET=utf8;

LOCK TABLES `goods-effects` WRITE;
/*!40000 ALTER TABLE `goods-effects` DISABLE KEYS */;

INSERT INTO `goods-effects` (`id`, `goodId`, `effectId`)
VALUES
	(14,8,2),
	(15,8,4),
	(16,8,6),
	(17,13,1),
	(18,13,3),
	(19,13,4);

/*!40000 ALTER TABLE `goods-effects` ENABLE KEYS */;
UNLOCK TABLES;


# Dump of table goods-hairtypes
# ------------------------------------------------------------

DROP TABLE IF EXISTS `goods-hairtypes`;

CREATE TABLE `goods-hairtypes` (
  `id` int(11) unsigned NOT NULL AUTO_INCREMENT,
  `goodId` int(11) unsigned NOT NULL,
  `hairtypeId` int(11) unsigned NOT NULL,
  PRIMARY KEY (`id`),
  KEY `goodId` (`goodId`),
  KEY `fk_hairtype` (`hairtypeId`),
  CONSTRAINT `fk_hairtype` FOREIGN KEY (`hairtypeId`) REFERENCES `hairtypes` (`id`) ON DELETE CASCADE ON UPDATE CASCADE,
  CONSTRAINT `goods-hairtypes_ibfk_1` FOREIGN KEY (`goodId`) REFERENCES `goods` (`id`) ON DELETE CASCADE ON UPDATE CASCADE
) ENGINE=InnoDB AUTO_INCREMENT=11 DEFAULT CHARSET=utf8;

LOCK TABLES `goods-hairtypes` WRITE;
/*!40000 ALTER TABLE `goods-hairtypes` DISABLE KEYS */;

INSERT INTO `goods-hairtypes` (`id`, `goodId`, `hairtypeId`)
VALUES
	(8,8,4),
	(9,8,8),
	(10,13,9);

/*!40000 ALTER TABLE `goods-hairtypes` ENABLE KEYS */;
UNLOCK TABLES;


# Dump of table goods-problems
# ------------------------------------------------------------

DROP TABLE IF EXISTS `goods-problems`;

CREATE TABLE `goods-problems` (
  `id` int(11) unsigned NOT NULL AUTO_INCREMENT,
  `goodId` int(11) unsigned NOT NULL,
  `problemId` int(11) unsigned NOT NULL,
  PRIMARY KEY (`id`),
  KEY `goodId` (`goodId`),
  KEY `fk-problem` (`problemId`),
  CONSTRAINT `fk-problem` FOREIGN KEY (`problemId`) REFERENCES `problems` (`id`) ON DELETE CASCADE ON UPDATE CASCADE,
  CONSTRAINT `goods-problems_ibfk_1` FOREIGN KEY (`goodId`) REFERENCES `goods` (`id`) ON DELETE CASCADE ON UPDATE CASCADE
) ENGINE=InnoDB DEFAULT CHARSET=utf8;



# Dump of table goods-sizes
# ------------------------------------------------------------

DROP TABLE IF EXISTS `goods-sizes`;

CREATE TABLE `goods-sizes` (
  `id` int(11) unsigned NOT NULL AUTO_INCREMENT,
  `goodId` int(11) unsigned NOT NULL,
  `sizeId` int(11) unsigned NOT NULL,
  `sale` int(2) NOT NULL DEFAULT '0',
  `artikul` varchar(10) DEFAULT NULL,
  PRIMARY KEY (`id`),
  KEY `goodId` (`goodId`),
  KEY `sizeId` (`sizeId`),
  CONSTRAINT `goods-sizes_ibfk_1` FOREIGN KEY (`goodId`) REFERENCES `goods` (`id`) ON DELETE CASCADE ON UPDATE CASCADE,
  CONSTRAINT `goods-sizes_ibfk_2` FOREIGN KEY (`sizeId`) REFERENCES `sizes` (`id`) ON DELETE CASCADE ON UPDATE CASCADE
) ENGINE=InnoDB DEFAULT CHARSET=utf8;



# Dump of table goods-skintypes
# ------------------------------------------------------------

DROP TABLE IF EXISTS `goods-skintypes`;

CREATE TABLE `goods-skintypes` (
  `id` int(11) unsigned NOT NULL AUTO_INCREMENT,
  `goodId` int(11) unsigned NOT NULL,
  `skintypeId` int(11) unsigned NOT NULL,
  PRIMARY KEY (`id`),
  KEY `goodId` (`goodId`),
  KEY `fk_skintype` (`skintypeId`),
  CONSTRAINT `fk_skintype` FOREIGN KEY (`skintypeId`) REFERENCES `skintypes` (`id`) ON DELETE CASCADE ON UPDATE CASCADE,
  CONSTRAINT `goods-skintypes_ibfk_1` FOREIGN KEY (`goodId`) REFERENCES `goods` (`id`) ON DELETE CASCADE ON UPDATE CASCADE
) ENGINE=InnoDB AUTO_INCREMENT=11 DEFAULT CHARSET=utf8;

LOCK TABLES `goods-skintypes` WRITE;
/*!40000 ALTER TABLE `goods-skintypes` DISABLE KEYS */;

INSERT INTO `goods-skintypes` (`id`, `goodId`, `skintypeId`)
VALUES
	(8,8,3),
	(9,8,6),
	(10,13,8);

/*!40000 ALTER TABLE `goods-skintypes` ENABLE KEYS */;
UNLOCK TABLES;


# Dump of table hairtypes
# ------------------------------------------------------------

DROP TABLE IF EXISTS `hairtypes`;

CREATE TABLE `hairtypes` (
  `id` int(11) unsigned NOT NULL AUTO_INCREMENT,
  `name` varchar(50) DEFAULT NULL,
  `description` mediumtext,
  PRIMARY KEY (`id`)
) ENGINE=InnoDB AUTO_INCREMENT=10 DEFAULT CHARSET=utf8;

LOCK TABLES `hairtypes` WRITE;
/*!40000 ALTER TABLE `hairtypes` DISABLE KEYS */;

INSERT INTO `hairtypes` (`id`, `name`, `description`)
VALUES
	(1,'Нормальные',NULL),
	(2,'Жирные',NULL),
	(3,'Сухие',NULL),
	(4,'Поврежденные',NULL),
	(5,'Окрашенные',NULL),
	(6,'Вьющиеся',NULL),
	(7,'Непослушные',NULL),
	(8,'Чувствительная кожа головы',NULL),
	(9,'Все типы волос',NULL);

/*!40000 ALTER TABLE `hairtypes` ENABLE KEYS */;
UNLOCK TABLES;


# Dump of table news
# ------------------------------------------------------------

DROP TABLE IF EXISTS `news`;

CREATE TABLE `news` (
  `id` int(11) unsigned NOT NULL AUTO_INCREMENT,
  `header` varchar(500) NOT NULL DEFAULT '',
  `text` mediumtext,
  `time` date NOT NULL,
  `forClients` tinyint(1) NOT NULL DEFAULT '0',
  PRIMARY KEY (`id`)
) ENGINE=InnoDB AUTO_INCREMENT=5 DEFAULT CHARSET=utf8;

LOCK TABLES `news` WRITE;
/*!40000 ALTER TABLE `news` DISABLE KEYS */;

INSERT INTO `news` (`id`, `header`, `text`, `time`, `forClients`)
VALUES
	(1,'Открытие детского клуба','Запуск обойдётся в 1-1,5 млн рублей, а начать получать прибыль удастся не раньше чем через полгода-год, поскольку первые месяцы уйдут на набор и завоевание доверия клиентов. Абонемент на восемь занятий в течение месяца будет стоить 4 000-6 000 рублей, из которых около 30% достанется преподавателю. Как правило, один ребёнок посещает 1-2 кружка. Одно занятие длится 30-50 минут, так что при восьмичасовой работе и трёх комнатах теоретически можно проводить до 48 занятий в день. На практике их бывает около 5-15 в день, что при наполняемости группы в три-пять человек означает выручку от 200 000 до миллиона рублей в месяц. Дополнительные доходы клубу может дать организация мини-детсада, праздников по выходным и небольшой магазин игрушек и пособий.\n','2016-05-04',0),
	(2,'News2','Full text of news2','2016-05-01',0),
	(3,'Новая акция','Запуск обойдётся в 1-1,5 млн рублей, а начать получать прибыль удастся не раньше чем через полгода-год, поскольку первые месяцы уйдут на набор и завоевание доверия клиентов. Абонемент на восемь занятий в течение месяца будет стоить 4 000-6 000 рублей, из которых около 30% достанется преподавателю. Как правило, один ребёнок посещает 1-2 кружка. Одно занятие длится 30-50 минут, так что при восьмичасовой работе и трёх комнатах теоретически можно проводить до 48 занятий в день. На практике их бывает около 5-15 в день, что при наполняемости группы в три-пять человек означает выручку от 200 000 до миллиона рублей в месяц. Дополнительные доходы клубу может дать организация мини-детсада, праздников по выходным и небольшой магазин игрушек и пособий.','2016-05-02',0),
	(4,'dfdf',NULL,'0000-00-00',0);

/*!40000 ALTER TABLE `news` ENABLE KEYS */;
UNLOCK TABLES;


# Dump of table pages
# ------------------------------------------------------------

DROP TABLE IF EXISTS `pages`;

CREATE TABLE `pages` (
  `id` int(11) unsigned NOT NULL AUTO_INCREMENT,
  `pagename` varchar(100) NOT NULL DEFAULT '',
  `category` int(11) DEFAULT NULL,
  PRIMARY KEY (`id`)
) ENGINE=InnoDB AUTO_INCREMENT=405 DEFAULT CHARSET=utf8;

LOCK TABLES `pages` WRITE;
/*!40000 ALTER TABLE `pages` DISABLE KEYS */;

INSERT INTO `pages` (`id`, `pagename`, `category`)
VALUES
	(1,'Главная',1),
	(2,'Каталог',2),
	(3,'Каталог/Фирмы',2),
	(4,'Каталог/Категории',2),
	(5,'Каталог/Проблемы',2),
	(6,'Каталог/Эффекты',2),
	(7,'Каталог/Типы волос',2),
	(8,'Каталог/Типы кожи',2),
	(9,'О нас',3),
	(14,'Контакты',6),
	(16,'Регистрация',7),
	(17,'Подписаться',6),
	(18,'Задать вопрос',6),
	(404,'404',404);

/*!40000 ALTER TABLE `pages` ENABLE KEYS */;
UNLOCK TABLES;


# Dump of table problems
# ------------------------------------------------------------

DROP TABLE IF EXISTS `problems`;

CREATE TABLE `problems` (
  `id` int(11) unsigned NOT NULL AUTO_INCREMENT,
  `name` varchar(50) DEFAULT NULL,
  PRIMARY KEY (`id`)
) ENGINE=InnoDB DEFAULT CHARSET=utf8;



# Dump of table profiles
# ------------------------------------------------------------

DROP TABLE IF EXISTS `profiles`;

CREATE TABLE `profiles` (
  `id` int(11) unsigned NOT NULL AUTO_INCREMENT,
  `name` varchar(50) DEFAULT NULL,
  `email` varchar(50) NOT NULL DEFAULT '',
  `password` varchar(50) DEFAULT NULL,
  `client` tinyint(1) NOT NULL DEFAULT '0',
  `spam` tinyint(1) NOT NULL DEFAULT '0',
  PRIMARY KEY (`id`)
) ENGINE=InnoDB AUTO_INCREMENT=12 DEFAULT CHARSET=utf8;



# Dump of table questions
# ------------------------------------------------------------

DROP TABLE IF EXISTS `questions`;

CREATE TABLE `questions` (
  `id` int(11) unsigned NOT NULL AUTO_INCREMENT,
  `user` int(11) unsigned DEFAULT NULL,
  `question` mediumtext NOT NULL,
  `answer` mediumtext,
  `date` date NOT NULL,
  PRIMARY KEY (`id`),
  KEY `user` (`user`),
  CONSTRAINT `questions_ibfk_1` FOREIGN KEY (`user`) REFERENCES `users` (`id`) ON DELETE SET NULL ON UPDATE CASCADE
) ENGINE=InnoDB AUTO_INCREMENT=7 DEFAULT CHARSET=utf8;

LOCK TABLES `questions` WRITE;
/*!40000 ALTER TABLE `questions` DISABLE KEYS */;

INSERT INTO `questions` (`id`, `user`, `question`, `answer`, `date`)
VALUES
	(6,41,'sdfgs sdfsdf df sdf sd',NULL,'2016-07-05');

/*!40000 ALTER TABLE `questions` ENABLE KEYS */;
UNLOCK TABLES;


# Dump of table sizes
# ------------------------------------------------------------

DROP TABLE IF EXISTS `sizes`;

CREATE TABLE `sizes` (
  `id` int(11) unsigned NOT NULL AUTO_INCREMENT,
  `size` int(11) DEFAULT NULL,
  `description` mediumtext,
  PRIMARY KEY (`id`)
) ENGINE=InnoDB DEFAULT CHARSET=utf8;



# Dump of table skintypes
# ------------------------------------------------------------

DROP TABLE IF EXISTS `skintypes`;

CREATE TABLE `skintypes` (
  `id` int(11) unsigned NOT NULL AUTO_INCREMENT,
  `name` varchar(50) DEFAULT NULL,
  `description` mediumtext,
  PRIMARY KEY (`id`)
) ENGINE=InnoDB AUTO_INCREMENT=9 DEFAULT CHARSET=utf8;

LOCK TABLES `skintypes` WRITE;
/*!40000 ALTER TABLE `skintypes` DISABLE KEYS */;

INSERT INTO `skintypes` (`id`, `name`, `description`)
VALUES
	(1,'Нормальная',NULL),
	(2,'Жирная',NULL),
	(3,'Сухая',NULL),
	(4,'Чувствительная',NULL),
	(5,'Склонная к аллергии',NULL),
	(6,'Комбинированная',NULL),
	(7,'Зрелая',NULL),
	(8,'Все типы кожи',NULL);

/*!40000 ALTER TABLE `skintypes` ENABLE KEYS */;
UNLOCK TABLES;


# Dump of table users
# ------------------------------------------------------------

DROP TABLE IF EXISTS `users`;

CREATE TABLE `users` (
  `id` int(11) unsigned NOT NULL AUTO_INCREMENT,
  `ip` varchar(20) NOT NULL DEFAULT '',
  `useragent` varchar(255) NOT NULL DEFAULT '',
  `profile` int(11) unsigned DEFAULT NULL,
  PRIMARY KEY (`id`),
  UNIQUE KEY `unique_user` (`ip`,`useragent`),
  KEY `profile` (`profile`),
  CONSTRAINT `users_ibfk_1` FOREIGN KEY (`profile`) REFERENCES `profiles` (`id`) ON DELETE SET NULL ON UPDATE CASCADE
) ENGINE=InnoDB AUTO_INCREMENT=44 DEFAULT CHARSET=utf8;

LOCK TABLES `users` WRITE;
/*!40000 ALTER TABLE `users` DISABLE KEYS */;

INSERT INTO `users` (`id`, `ip`, `useragent`, `profile`)
VALUES
	(41,'::1','Mozilla/5.0 (Macintosh; Intel Mac OS X 10_11_4) AppleWebKit/537.36 (KHTML, like Gecko) Chrome/49.0.2623.112 Safari/537.36',NULL),
	(43,'::1','Mozilla/5.0 (Macintosh; Intel Mac OS X 10_11_5) AppleWebKit/537.36 (KHTML, like Gecko) Chrome/51.0.2704.103 Safari/537.36',NULL);

/*!40000 ALTER TABLE `users` ENABLE KEYS */;
UNLOCK TABLES;


# Dump of table visits
# ------------------------------------------------------------

DROP TABLE IF EXISTS `visits`;

CREATE TABLE `visits` (
  `id` int(11) unsigned NOT NULL AUTO_INCREMENT,
  `userid` int(11) unsigned NOT NULL,
  `pageid` int(11) unsigned NOT NULL,
  `time` datetime NOT NULL,
  PRIMARY KEY (`id`),
  KEY `userid` (`userid`),
  KEY `pageid` (`pageid`),
  CONSTRAINT `visits_ibfk_1` FOREIGN KEY (`userid`) REFERENCES `users` (`id`) ON DELETE CASCADE ON UPDATE CASCADE,
  CONSTRAINT `visits_ibfk_2` FOREIGN KEY (`pageid`) REFERENCES `pages` (`id`) ON DELETE CASCADE ON UPDATE CASCADE
) ENGINE=InnoDB AUTO_INCREMENT=4445 DEFAULT CHARSET=utf8;

LOCK TABLES `visits` WRITE;
/*!40000 ALTER TABLE `visits` DISABLE KEYS */;

INSERT INTO `visits` (`id`, `userid`, `pageid`, `time`)
VALUES
	(3534,41,1,'2016-07-12 08:38:26'),
	(3535,41,404,'2016-07-12 08:38:35'),
	(3536,41,404,'2016-07-12 08:38:35'),
	(3537,41,404,'2016-07-12 08:38:35'),
	(3538,41,404,'2016-07-12 08:38:35'),
	(3539,41,404,'2016-07-12 08:40:46'),
	(3540,41,404,'2016-07-12 08:40:46'),
	(3541,41,404,'2016-07-12 08:40:46'),
	(3542,41,404,'2016-07-12 08:40:46'),
	(3543,41,404,'2016-07-12 08:42:25'),
	(3544,41,404,'2016-07-12 08:42:25'),
	(3545,41,404,'2016-07-12 08:42:25'),
	(3546,41,404,'2016-07-12 08:42:25'),
	(3547,41,404,'2016-07-12 08:44:47'),
	(3548,41,404,'2016-07-12 08:44:46'),
	(3549,41,404,'2016-07-12 08:44:47'),
	(3550,41,404,'2016-07-12 08:44:47'),
	(3551,41,404,'2016-07-12 08:46:42'),
	(3552,41,404,'2016-07-12 08:46:42'),
	(3553,41,404,'2016-07-12 08:46:42'),
	(3554,41,404,'2016-07-12 08:46:42'),
	(3555,41,404,'2016-07-12 08:48:40'),
	(3556,41,404,'2016-07-12 08:48:40'),
	(3557,41,404,'2016-07-12 08:48:40'),
	(3558,41,404,'2016-07-12 08:48:40'),
	(3559,41,404,'2016-07-12 08:49:38'),
	(3560,41,404,'2016-07-12 08:49:38'),
	(3561,41,404,'2016-07-12 08:49:38'),
	(3562,41,404,'2016-07-12 08:49:38'),
	(3563,41,404,'2016-07-12 08:50:51'),
	(3564,41,404,'2016-07-12 08:50:51'),
	(3565,41,404,'2016-07-12 08:50:51'),
	(3566,41,404,'2016-07-12 08:50:51'),
	(3567,41,404,'2016-07-12 08:50:59'),
	(3568,41,404,'2016-07-12 08:50:59'),
	(3569,41,404,'2016-07-12 08:50:59'),
	(3570,41,404,'2016-07-12 08:50:59'),
	(3571,41,404,'2016-07-12 08:50:59'),
	(3572,41,404,'2016-07-12 08:50:59'),
	(3573,41,404,'2016-07-12 08:50:59'),
	(3574,41,404,'2016-07-12 08:50:59'),
	(3575,41,404,'2016-07-12 08:50:59'),
	(3576,41,404,'2016-07-12 08:50:59'),
	(3577,41,404,'2016-07-12 08:50:59'),
	(3578,41,404,'2016-07-12 08:50:59'),
	(3579,41,404,'2016-07-12 08:50:59'),
	(3580,41,404,'2016-07-12 08:51:00'),
	(3581,41,404,'2016-07-12 08:51:00'),
	(3582,41,404,'2016-07-12 08:51:00'),
	(3583,41,404,'2016-07-12 08:51:00'),
	(3584,41,404,'2016-07-12 08:51:00'),
	(3585,41,404,'2016-07-12 08:51:00'),
	(3586,41,404,'2016-07-12 08:51:00'),
	(3587,41,404,'2016-07-12 08:51:00'),
	(3588,41,404,'2016-07-12 08:51:00'),
	(3589,41,404,'2016-07-12 08:51:00'),
	(3590,41,404,'2016-07-12 08:51:00'),
	(3591,41,404,'2016-07-12 08:51:16'),
	(3592,41,404,'2016-07-12 08:51:16'),
	(3593,41,404,'2016-07-12 08:51:16'),
	(3594,41,404,'2016-07-12 08:51:16'),
	(3595,41,404,'2016-07-12 08:51:16'),
	(3596,41,404,'2016-07-12 08:51:16'),
	(3597,41,404,'2016-07-12 08:51:16'),
	(3598,41,404,'2016-07-12 08:51:16'),
	(3599,41,404,'2016-07-12 08:51:16'),
	(3600,41,404,'2016-07-12 08:51:16'),
	(3601,41,404,'2016-07-12 08:51:16'),
	(3602,41,404,'2016-07-12 08:51:16'),
	(3603,41,404,'2016-07-12 08:51:16'),
	(3604,41,404,'2016-07-12 08:51:16'),
	(3605,41,404,'2016-07-12 08:51:16'),
	(3606,41,404,'2016-07-12 08:51:16'),
	(3607,41,404,'2016-07-12 08:51:16'),
	(3608,41,404,'2016-07-12 08:51:17'),
	(3609,41,404,'2016-07-12 08:51:17'),
	(3610,41,404,'2016-07-12 08:51:17'),
	(3611,41,404,'2016-07-12 08:51:17'),
	(3612,41,404,'2016-07-12 08:51:17'),
	(3613,41,404,'2016-07-12 08:51:17'),
	(3614,41,404,'2016-07-12 08:51:17'),
	(3615,41,404,'2016-07-12 08:52:10'),
	(3616,41,404,'2016-07-12 08:52:10'),
	(3617,41,404,'2016-07-12 08:52:10'),
	(3618,41,404,'2016-07-12 08:52:10'),
	(3619,41,404,'2016-07-12 08:52:10'),
	(3620,41,1,'2016-07-12 08:57:14'),
	(3621,41,404,'2016-07-12 08:57:14'),
	(3622,41,404,'2016-07-12 08:57:14'),
	(3623,41,404,'2016-07-12 08:57:14'),
	(3624,41,404,'2016-07-12 08:57:14'),
	(3625,41,404,'2016-07-12 08:57:17'),
	(3626,41,404,'2016-07-12 08:57:17'),
	(3627,41,404,'2016-07-12 08:57:17'),
	(3628,41,404,'2016-07-12 08:57:17'),
	(3629,41,404,'2016-07-12 08:57:17'),
	(3630,41,404,'2016-07-12 08:57:24'),
	(3631,41,404,'2016-07-12 08:57:24'),
	(3632,41,404,'2016-07-12 08:57:24'),
	(3633,41,404,'2016-07-12 08:57:24'),
	(3634,41,404,'2016-07-12 08:57:24'),
	(3635,41,404,'2016-07-12 08:57:24'),
	(3636,41,404,'2016-07-12 08:57:24'),
	(3637,41,404,'2016-07-12 08:57:25'),
	(3638,41,404,'2016-07-12 08:57:25'),
	(3639,41,404,'2016-07-12 08:57:25'),
	(3640,41,404,'2016-07-12 08:57:25'),
	(3641,41,404,'2016-07-12 08:57:25'),
	(3642,41,404,'2016-07-12 08:57:25'),
	(3643,41,404,'2016-07-12 08:57:25'),
	(3644,41,404,'2016-07-12 08:57:25'),
	(3645,41,404,'2016-07-12 08:57:25'),
	(3646,41,404,'2016-07-12 08:57:25'),
	(3647,41,404,'2016-07-12 08:57:25'),
	(3648,41,404,'2016-07-12 08:57:25'),
	(3649,41,404,'2016-07-12 08:57:25'),
	(3650,41,404,'2016-07-12 08:57:25'),
	(3651,41,404,'2016-07-12 08:57:25'),
	(3652,41,404,'2016-07-12 08:57:25'),
	(3653,41,404,'2016-07-12 08:57:25'),
	(3654,41,404,'2016-07-12 09:08:24'),
	(3655,41,404,'2016-07-12 09:08:25'),
	(3656,41,404,'2016-07-12 09:08:25'),
	(3657,41,404,'2016-07-12 09:08:25'),
	(3658,41,404,'2016-07-12 09:08:25'),
	(3659,41,404,'2016-07-12 09:08:49'),
	(3660,41,404,'2016-07-12 09:08:49'),
	(3661,41,404,'2016-07-12 09:08:49'),
	(3662,41,404,'2016-07-12 09:08:49'),
	(3663,41,404,'2016-07-12 09:08:49'),
	(3664,41,1,'2016-07-12 09:09:10'),
	(3665,41,404,'2016-07-12 09:09:10'),
	(3666,41,404,'2016-07-12 09:09:10'),
	(3667,41,404,'2016-07-12 09:09:10'),
	(3668,41,404,'2016-07-12 09:09:10'),
	(3669,41,1,'2016-07-12 09:17:13'),
	(3670,41,404,'2016-07-12 09:17:14'),
	(3671,41,404,'2016-07-12 09:17:14'),
	(3672,41,404,'2016-07-12 09:17:14'),
	(3673,41,404,'2016-07-12 09:17:14'),
	(3674,41,2,'2016-07-12 09:17:16'),
	(3675,41,404,'2016-07-12 09:17:17'),
	(3676,41,404,'2016-07-12 09:17:17'),
	(3677,41,404,'2016-07-12 09:17:17'),
	(3678,41,404,'2016-07-12 09:17:17'),
	(3679,41,3,'2016-07-12 09:17:20'),
	(3680,41,3,'2016-07-12 09:17:24'),
	(3681,41,3,'2016-07-12 09:18:02'),
	(3682,41,404,'2016-07-12 09:18:03'),
	(3683,41,404,'2016-07-12 09:18:03'),
	(3684,41,404,'2016-07-12 09:18:03'),
	(3685,41,404,'2016-07-12 09:18:03'),
	(3686,41,404,'2016-07-12 09:18:03'),
	(3687,41,404,'2016-07-12 09:18:03'),
	(3688,41,404,'2016-07-12 09:18:03'),
	(3689,41,404,'2016-07-12 09:18:03'),
	(3690,41,404,'2016-07-12 09:18:03'),
	(3691,41,404,'2016-07-12 09:18:03'),
	(3692,41,404,'2016-07-12 09:18:03'),
	(3693,41,404,'2016-07-12 09:18:03'),
	(3694,41,404,'2016-07-12 09:18:03'),
	(3695,41,404,'2016-07-12 09:18:03'),
	(3696,41,404,'2016-07-12 09:18:03'),
	(3697,41,404,'2016-07-12 09:18:03'),
	(3698,41,404,'2016-07-12 09:18:03'),
	(3699,41,404,'2016-07-12 09:18:03'),
	(3700,41,404,'2016-07-12 09:18:03'),
	(3701,41,404,'2016-07-12 09:18:03'),
	(3702,41,404,'2016-07-12 09:18:03'),
	(3703,41,404,'2016-07-12 09:18:03'),
	(3704,41,404,'2016-07-12 09:18:03'),
	(3705,41,2,'2016-07-12 09:18:07'),
	(3706,41,404,'2016-07-12 09:18:07'),
	(3707,41,404,'2016-07-12 09:18:07'),
	(3708,41,404,'2016-07-12 09:18:07'),
	(3709,41,404,'2016-07-12 09:18:07'),
	(3710,41,3,'2016-07-12 09:18:10'),
	(3711,41,404,'2016-07-12 09:18:10'),
	(3712,41,404,'2016-07-12 09:18:10'),
	(3713,41,404,'2016-07-12 09:18:10'),
	(3714,41,404,'2016-07-12 09:18:10'),
	(3715,41,404,'2016-07-12 09:18:10'),
	(3716,41,404,'2016-07-12 09:18:10'),
	(3717,41,404,'2016-07-12 09:18:11'),
	(3718,41,404,'2016-07-12 09:18:11'),
	(3719,41,404,'2016-07-12 09:18:11'),
	(3720,41,404,'2016-07-12 09:18:11'),
	(3721,41,404,'2016-07-12 09:18:11'),
	(3722,41,404,'2016-07-12 09:18:11'),
	(3723,41,404,'2016-07-12 09:18:11'),
	(3724,41,404,'2016-07-12 09:18:11'),
	(3725,41,404,'2016-07-12 09:18:11'),
	(3726,41,404,'2016-07-12 09:18:11'),
	(3727,41,404,'2016-07-12 09:18:11'),
	(3728,41,404,'2016-07-12 09:18:11'),
	(3729,41,404,'2016-07-12 09:18:11'),
	(3730,41,404,'2016-07-12 09:18:11'),
	(3731,41,404,'2016-07-12 09:18:11'),
	(3732,41,404,'2016-07-12 09:18:11'),
	(3733,41,404,'2016-07-12 09:18:11'),
	(3734,41,404,'2016-07-12 09:18:16'),
	(3735,41,404,'2016-07-12 09:18:16'),
	(3736,41,404,'2016-07-12 09:18:16'),
	(3737,41,404,'2016-07-12 09:18:16'),
	(3738,41,404,'2016-07-12 09:18:16'),
	(3739,41,404,'2016-07-12 09:18:16'),
	(3740,41,404,'2016-07-12 09:18:16'),
	(3741,41,404,'2016-07-12 09:18:16'),
	(3742,41,404,'2016-07-12 09:18:16'),
	(3743,41,1,'2016-07-12 09:18:50'),
	(3744,41,404,'2016-07-12 09:18:51'),
	(3745,41,404,'2016-07-12 09:18:51'),
	(3746,41,404,'2016-07-12 09:18:51'),
	(3747,41,404,'2016-07-12 09:18:51'),
	(3748,41,3,'2016-07-12 09:18:54'),
	(3749,41,404,'2016-07-12 09:18:54'),
	(3750,41,404,'2016-07-12 09:18:54'),
	(3751,41,404,'2016-07-12 09:18:54'),
	(3752,41,404,'2016-07-12 09:18:54'),
	(3753,41,404,'2016-07-12 09:18:54'),
	(3754,41,404,'2016-07-12 09:18:54'),
	(3755,41,404,'2016-07-12 09:18:54'),
	(3756,41,404,'2016-07-12 09:18:54'),
	(3757,41,404,'2016-07-12 09:18:54'),
	(3758,41,404,'2016-07-12 09:18:55'),
	(3759,41,404,'2016-07-12 09:18:55'),
	(3760,41,404,'2016-07-12 09:18:55'),
	(3761,41,404,'2016-07-12 09:18:55'),
	(3762,41,404,'2016-07-12 09:18:55'),
	(3763,41,404,'2016-07-12 09:18:55'),
	(3764,41,404,'2016-07-12 09:18:55'),
	(3765,41,404,'2016-07-12 09:18:55'),
	(3766,41,404,'2016-07-12 09:18:55'),
	(3767,41,404,'2016-07-12 09:18:55'),
	(3768,41,404,'2016-07-12 09:18:55'),
	(3769,41,404,'2016-07-12 09:18:55'),
	(3770,41,404,'2016-07-12 09:18:55'),
	(3771,41,404,'2016-07-12 09:18:55'),
	(3772,41,3,'2016-07-12 09:19:56'),
	(3773,41,404,'2016-07-12 09:19:56'),
	(3774,41,404,'2016-07-12 09:19:56'),
	(3775,41,404,'2016-07-12 09:19:56'),
	(3776,41,404,'2016-07-12 09:19:56'),
	(3777,41,404,'2016-07-12 09:19:56'),
	(3778,41,404,'2016-07-12 09:19:56'),
	(3779,41,404,'2016-07-12 09:19:56'),
	(3780,41,404,'2016-07-12 09:19:56'),
	(3781,41,404,'2016-07-12 09:19:56'),
	(3782,41,404,'2016-07-12 09:19:56'),
	(3783,41,404,'2016-07-12 09:19:56'),
	(3784,41,404,'2016-07-12 09:19:56'),
	(3785,41,404,'2016-07-12 09:19:56'),
	(3786,41,404,'2016-07-12 09:19:56'),
	(3787,41,404,'2016-07-12 09:19:56'),
	(3788,41,404,'2016-07-12 09:19:56'),
	(3789,41,404,'2016-07-12 09:19:56'),
	(3790,41,404,'2016-07-12 09:19:56'),
	(3791,41,404,'2016-07-12 09:19:56'),
	(3792,41,404,'2016-07-12 09:19:56'),
	(3793,41,404,'2016-07-12 09:19:56'),
	(3794,41,404,'2016-07-12 09:19:56'),
	(3795,41,404,'2016-07-12 09:19:56'),
	(3796,41,1,'2016-07-12 09:21:21'),
	(3797,41,404,'2016-07-12 09:21:21'),
	(3798,41,404,'2016-07-12 09:21:21'),
	(3799,41,404,'2016-07-12 09:21:21'),
	(3800,41,404,'2016-07-12 09:21:21'),
	(3801,41,404,'2016-07-12 09:22:14'),
	(3802,41,404,'2016-07-12 09:22:14'),
	(3803,41,404,'2016-07-12 09:22:14'),
	(3804,41,404,'2016-07-12 09:22:14'),
	(3805,41,404,'2016-07-12 09:22:14'),
	(3806,41,404,'2016-07-12 09:22:14'),
	(3807,41,404,'2016-07-12 09:22:14'),
	(3808,41,404,'2016-07-12 09:22:14'),
	(3809,41,404,'2016-07-12 09:22:14'),
	(3810,41,404,'2016-07-12 09:22:14'),
	(3811,41,404,'2016-07-12 09:22:14'),
	(3812,41,404,'2016-07-12 09:22:14'),
	(3813,41,404,'2016-07-12 09:22:14'),
	(3814,41,404,'2016-07-12 09:22:14'),
	(3815,41,404,'2016-07-12 09:22:14'),
	(3816,41,404,'2016-07-12 09:22:14'),
	(3817,41,404,'2016-07-12 09:22:14'),
	(3818,41,404,'2016-07-12 09:22:14'),
	(3819,41,404,'2016-07-12 09:22:14'),
	(3820,41,404,'2016-07-12 09:22:14'),
	(3821,41,404,'2016-07-12 09:22:14'),
	(3822,41,404,'2016-07-12 09:22:14'),
	(3823,41,404,'2016-07-12 09:22:14'),
	(3824,41,404,'2016-07-12 09:22:14'),
	(3825,41,404,'2016-07-12 09:22:22'),
	(3826,41,404,'2016-07-12 09:22:22'),
	(3827,41,404,'2016-07-12 09:22:22'),
	(3828,41,404,'2016-07-12 09:22:22'),
	(3829,41,404,'2016-07-12 09:22:22'),
	(3830,41,404,'2016-07-12 09:23:12'),
	(3831,41,404,'2016-07-12 09:23:12'),
	(3832,41,404,'2016-07-12 09:23:12'),
	(3833,41,404,'2016-07-12 09:23:12'),
	(3834,41,404,'2016-07-12 09:23:12'),
	(3835,41,404,'2016-07-12 09:23:18'),
	(3836,41,404,'2016-07-12 09:23:18'),
	(3837,41,404,'2016-07-12 09:23:18'),
	(3838,41,404,'2016-07-12 09:23:18'),
	(3839,41,404,'2016-07-12 09:23:18'),
	(3840,41,2,'2016-07-12 09:23:21'),
	(3841,41,404,'2016-07-12 09:23:22'),
	(3842,41,404,'2016-07-12 09:23:22'),
	(3843,41,404,'2016-07-12 09:23:22'),
	(3844,41,404,'2016-07-12 09:23:22'),
	(3845,41,3,'2016-07-12 09:23:25'),
	(3846,41,404,'2016-07-12 09:23:25'),
	(3847,41,404,'2016-07-12 09:23:25'),
	(3848,41,404,'2016-07-12 09:23:25'),
	(3849,41,404,'2016-07-12 09:23:25'),
	(3850,41,404,'2016-07-12 09:23:25'),
	(3851,41,404,'2016-07-12 09:23:25'),
	(3852,41,404,'2016-07-12 09:23:25'),
	(3853,41,404,'2016-07-12 09:23:25'),
	(3854,41,404,'2016-07-12 09:23:25'),
	(3855,41,404,'2016-07-12 09:23:25'),
	(3856,41,404,'2016-07-12 09:23:25'),
	(3857,41,404,'2016-07-12 09:23:25'),
	(3858,41,404,'2016-07-12 09:23:25'),
	(3859,41,404,'2016-07-12 09:23:25'),
	(3860,41,404,'2016-07-12 09:23:25'),
	(3861,41,404,'2016-07-12 09:23:25'),
	(3862,41,404,'2016-07-12 09:23:25'),
	(3863,41,404,'2016-07-12 09:23:25'),
	(3864,41,404,'2016-07-12 09:23:25'),
	(3865,41,404,'2016-07-12 09:23:25'),
	(3866,41,404,'2016-07-12 09:23:25'),
	(3867,41,404,'2016-07-12 09:23:25'),
	(3868,41,404,'2016-07-12 09:23:25'),
	(3869,41,2,'2016-07-12 09:23:35'),
	(3870,41,404,'2016-07-12 09:23:35'),
	(3871,41,404,'2016-07-12 09:23:35'),
	(3872,41,404,'2016-07-12 09:23:35'),
	(3873,41,404,'2016-07-12 09:23:35'),
	(3874,41,3,'2016-07-12 09:23:38'),
	(3875,41,404,'2016-07-12 09:23:38'),
	(3876,41,404,'2016-07-12 09:23:38'),
	(3877,41,404,'2016-07-12 09:23:38'),
	(3878,41,404,'2016-07-12 09:23:38'),
	(3879,41,404,'2016-07-12 09:23:38'),
	(3880,41,404,'2016-07-12 09:23:38'),
	(3881,41,404,'2016-07-12 09:23:38'),
	(3882,41,404,'2016-07-12 09:23:38'),
	(3883,41,404,'2016-07-12 09:23:38'),
	(3884,41,404,'2016-07-12 09:23:38'),
	(3885,41,404,'2016-07-12 09:23:38'),
	(3886,41,404,'2016-07-12 09:23:38'),
	(3887,41,404,'2016-07-12 09:23:38'),
	(3888,41,404,'2016-07-12 09:23:38'),
	(3889,41,404,'2016-07-12 09:23:38'),
	(3890,41,404,'2016-07-12 09:23:38'),
	(3891,41,404,'2016-07-12 09:23:38'),
	(3892,41,404,'2016-07-12 09:23:38'),
	(3893,41,404,'2016-07-12 09:23:38'),
	(3894,41,404,'2016-07-12 09:23:38'),
	(3895,41,404,'2016-07-12 09:23:38'),
	(3896,41,404,'2016-07-12 09:23:38'),
	(3897,41,404,'2016-07-12 09:23:38'),
	(3898,41,404,'2016-07-12 09:24:08'),
	(3899,41,404,'2016-07-12 09:24:08'),
	(3900,41,404,'2016-07-12 09:24:08'),
	(3901,41,404,'2016-07-12 09:24:08'),
	(3902,41,404,'2016-07-12 09:24:08'),
	(3903,41,2,'2016-07-12 09:37:22'),
	(3904,41,404,'2016-07-12 09:37:23'),
	(3905,41,404,'2016-07-12 09:37:23'),
	(3906,41,404,'2016-07-12 09:37:23'),
	(3907,41,404,'2016-07-12 09:37:23'),
	(3908,41,3,'2016-07-12 09:42:55'),
	(3909,41,404,'2016-07-12 09:42:55'),
	(3910,41,404,'2016-07-12 09:42:55'),
	(3911,41,404,'2016-07-12 09:42:55'),
	(3912,41,404,'2016-07-12 09:42:55'),
	(3913,41,404,'2016-07-12 09:42:55'),
	(3914,41,404,'2016-07-12 09:42:55'),
	(3915,41,404,'2016-07-12 09:42:56'),
	(3916,41,404,'2016-07-12 09:42:56'),
	(3917,41,404,'2016-07-12 09:42:56'),
	(3918,41,404,'2016-07-12 09:42:56'),
	(3919,41,404,'2016-07-12 09:42:56'),
	(3920,41,404,'2016-07-12 09:42:56'),
	(3921,41,404,'2016-07-12 09:42:56'),
	(3922,41,404,'2016-07-12 09:42:56'),
	(3923,41,404,'2016-07-12 09:42:56'),
	(3924,41,404,'2016-07-12 09:42:56'),
	(3925,41,404,'2016-07-12 09:42:56'),
	(3926,41,404,'2016-07-12 09:42:56'),
	(3927,41,404,'2016-07-12 09:42:56'),
	(3928,41,404,'2016-07-12 09:42:56'),
	(3929,41,404,'2016-07-12 09:42:56'),
	(3930,41,404,'2016-07-12 09:42:56'),
	(3931,41,404,'2016-07-12 09:42:57'),
	(3932,41,1,'2016-07-12 09:50:09'),
	(3933,41,404,'2016-07-12 09:50:09'),
	(3934,41,404,'2016-07-12 09:50:09'),
	(3935,41,404,'2016-07-12 09:50:09'),
	(3936,41,404,'2016-07-12 09:50:10'),
	(3937,41,404,'2016-07-12 09:50:15'),
	(3938,41,404,'2016-07-12 09:50:15'),
	(3939,41,404,'2016-07-12 09:50:15'),
	(3940,41,404,'2016-07-12 09:50:15'),
	(3941,41,404,'2016-07-12 09:50:15'),
	(3942,41,1,'2016-07-12 09:50:35'),
	(3943,41,404,'2016-07-12 09:50:35'),
	(3944,41,404,'2016-07-12 09:50:35'),
	(3945,41,404,'2016-07-12 09:50:35'),
	(3946,41,404,'2016-07-12 09:50:35'),
	(3947,41,14,'2016-07-12 09:55:19'),
	(3948,41,404,'2016-07-12 09:55:19'),
	(3949,41,404,'2016-07-12 09:55:19'),
	(3950,41,404,'2016-07-12 09:55:19'),
	(3951,41,404,'2016-07-12 09:55:19'),
	(3952,41,404,'2016-07-12 09:55:19'),
	(3953,41,1,'2016-07-12 09:59:47'),
	(3954,41,404,'2016-07-12 09:59:47'),
	(3955,41,404,'2016-07-12 09:59:47'),
	(3956,41,404,'2016-07-12 09:59:47'),
	(3957,41,404,'2016-07-12 09:59:47'),
	(3958,41,1,'2016-07-12 14:39:44'),
	(3959,41,404,'2016-07-12 14:39:45'),
	(3960,41,404,'2016-07-12 14:39:45'),
	(3961,41,14,'2016-07-12 14:39:49'),
	(3962,41,404,'2016-07-12 14:39:50'),
	(3963,41,404,'2016-07-12 14:39:50'),
	(3964,41,404,'2016-07-12 14:39:50'),
	(3965,41,14,'2016-07-12 14:41:36'),
	(3966,41,404,'2016-07-12 14:41:37'),
	(3967,41,404,'2016-07-12 14:41:37'),
	(3968,41,404,'2016-07-12 14:41:37'),
	(3969,41,404,'2016-07-12 14:41:52'),
	(3970,41,404,'2016-07-12 14:41:52'),
	(3971,41,404,'2016-07-12 14:41:52'),
	(3972,41,1,'2016-07-12 14:58:08'),
	(3973,41,404,'2016-07-12 14:58:08'),
	(3974,41,404,'2016-07-12 14:58:08'),
	(3975,41,9,'2016-07-12 14:58:12'),
	(3976,41,404,'2016-07-12 14:58:13'),
	(3977,41,404,'2016-07-12 14:58:13'),
	(3978,41,9,'2016-07-12 14:58:52'),
	(3979,41,404,'2016-07-12 14:58:53'),
	(3980,41,404,'2016-07-12 14:58:53'),
	(3981,41,9,'2016-07-12 14:58:55'),
	(3982,41,404,'2016-07-12 14:58:55'),
	(3983,41,404,'2016-07-12 14:58:55'),
	(3984,41,9,'2016-07-12 15:00:19'),
	(3985,41,404,'2016-07-12 15:00:20'),
	(3986,41,404,'2016-07-12 15:00:20'),
	(3987,41,9,'2016-07-12 15:02:54'),
	(3988,41,404,'2016-07-12 15:02:54'),
	(3989,41,404,'2016-07-12 15:02:54'),
	(3990,41,9,'2016-07-12 15:05:40'),
	(3991,41,404,'2016-07-12 15:05:40'),
	(3992,41,404,'2016-07-12 15:05:40'),
	(3993,41,14,'2016-07-12 15:05:42'),
	(3994,41,404,'2016-07-12 15:05:42'),
	(3995,41,404,'2016-07-12 15:05:42'),
	(3996,41,404,'2016-07-12 15:05:42'),
	(3997,41,14,'2016-07-12 15:06:21'),
	(3998,41,404,'2016-07-12 15:06:22'),
	(3999,41,404,'2016-07-12 15:06:22'),
	(4000,41,14,'2016-07-12 15:09:01'),
	(4001,41,14,'2016-07-12 15:17:23'),
	(4002,41,14,'2016-07-12 15:22:22'),
	(4003,41,14,'2016-07-12 15:25:11'),
	(4004,41,14,'2016-07-12 15:45:51'),
	(4005,41,14,'2016-07-12 15:47:18'),
	(4006,41,14,'2016-07-12 15:48:38'),
	(4007,41,14,'2016-07-12 15:57:11'),
	(4008,41,14,'2016-07-12 15:58:33'),
	(4009,41,404,'2016-07-12 15:58:36'),
	(4010,41,1,'2016-07-12 16:04:45'),
	(4011,41,404,'2016-07-12 16:04:46'),
	(4012,41,404,'2016-07-12 16:05:41'),
	(4013,41,404,'2016-07-12 16:05:41'),
	(4014,41,1,'2016-07-12 16:06:30'),
	(4015,41,404,'2016-07-12 16:06:30'),
	(4016,41,1,'2016-07-12 16:07:20'),
	(4017,41,404,'2016-07-12 16:07:20'),
	(4018,41,404,'2016-07-12 16:07:38'),
	(4019,41,404,'2016-07-12 16:07:38'),
	(4020,41,404,'2016-07-12 16:08:17'),
	(4021,41,404,'2016-07-12 16:08:17'),
	(4022,41,404,'2016-07-12 16:09:04'),
	(4023,41,404,'2016-07-12 16:09:05'),
	(4024,41,1,'2016-07-14 10:23:49'),
	(4025,41,404,'2016-07-14 10:23:50'),
	(4026,43,1,'2016-07-14 10:32:49'),
	(4027,43,404,'2016-07-14 10:32:49'),
	(4028,43,9,'2016-07-14 10:32:57'),
	(4029,43,404,'2016-07-14 10:32:57'),
	(4030,43,14,'2016-07-14 10:32:59'),
	(4031,43,404,'2016-07-14 10:33:00'),
	(4032,43,14,'2016-07-14 10:34:50'),
	(4033,43,404,'2016-07-14 10:34:51'),
	(4034,43,14,'2016-07-14 10:35:18'),
	(4035,43,404,'2016-07-14 10:35:18'),
	(4036,43,14,'2016-07-14 10:35:48'),
	(4037,43,404,'2016-07-14 10:35:49'),
	(4038,43,14,'2016-07-14 10:38:22'),
	(4039,43,404,'2016-07-14 10:38:23'),
	(4040,43,404,'2016-07-14 11:22:09'),
	(4041,43,404,'2016-07-14 11:22:09'),
	(4042,43,1,'2016-07-14 11:22:26'),
	(4043,43,404,'2016-07-14 11:22:27'),
	(4044,43,404,'2016-07-14 11:22:46'),
	(4045,43,404,'2016-07-14 11:22:46'),
	(4046,43,1,'2016-07-14 11:22:49'),
	(4047,43,404,'2016-07-14 11:22:49'),
	(4048,43,404,'2016-07-14 11:22:53'),
	(4049,43,404,'2016-07-14 11:22:53'),
	(4050,43,14,'2016-07-14 11:22:56'),
	(4051,43,404,'2016-07-14 11:22:56'),
	(4052,43,14,'2016-07-14 12:09:26'),
	(4053,43,404,'2016-07-14 12:09:27'),
	(4054,43,3,'2016-07-14 12:09:29'),
	(4055,43,404,'2016-07-14 12:09:29'),
	(4056,43,1,'2016-07-14 12:09:38'),
	(4057,43,404,'2016-07-14 12:09:38'),
	(4058,43,3,'2016-07-14 12:09:42'),
	(4059,43,404,'2016-07-14 12:09:42'),
	(4060,43,1,'2016-07-14 12:14:08'),
	(4061,43,404,'2016-07-14 12:14:08'),
	(4062,43,3,'2016-07-14 12:14:14'),
	(4063,43,404,'2016-07-14 12:14:14'),
	(4064,43,3,'2016-07-14 12:14:53'),
	(4065,43,404,'2016-07-14 12:14:54'),
	(4066,43,404,'2016-07-14 12:14:57'),
	(4067,43,3,'2016-07-14 12:15:47'),
	(4068,43,404,'2016-07-14 12:15:47'),
	(4069,43,3,'2016-07-14 12:15:56'),
	(4070,43,404,'2016-07-14 12:15:56'),
	(4071,43,3,'2016-07-14 12:16:06'),
	(4072,43,404,'2016-07-14 12:16:06'),
	(4073,43,3,'2016-07-14 12:19:34'),
	(4074,43,404,'2016-07-14 12:19:34'),
	(4075,43,3,'2016-07-14 12:25:52'),
	(4076,43,404,'2016-07-14 12:25:53'),
	(4077,43,3,'2016-07-14 12:26:06'),
	(4078,43,404,'2016-07-14 12:26:06'),
	(4079,43,3,'2016-07-14 12:31:14'),
	(4080,43,404,'2016-07-14 12:31:14'),
	(4081,43,3,'2016-07-14 12:50:44'),
	(4082,43,404,'2016-07-14 12:50:46'),
	(4083,43,3,'2016-07-14 12:51:49'),
	(4084,43,404,'2016-07-14 12:51:50'),
	(4085,43,3,'2016-07-14 12:52:00'),
	(4086,43,404,'2016-07-14 12:52:00'),
	(4087,43,3,'2016-07-14 12:52:27'),
	(4088,43,404,'2016-07-14 12:52:27'),
	(4089,43,3,'2016-07-14 12:52:33'),
	(4090,43,404,'2016-07-14 12:52:33'),
	(4091,43,3,'2016-07-14 13:03:19'),
	(4092,43,404,'2016-07-14 13:03:20'),
	(4093,43,404,'2016-07-14 13:03:20'),
	(4094,43,404,'2016-07-14 13:06:02'),
	(4095,43,404,'2016-07-14 13:06:02'),
	(4096,43,404,'2016-07-14 13:06:02'),
	(4097,43,404,'2016-07-14 13:06:02'),
	(4098,43,404,'2016-07-14 13:06:02'),
	(4099,43,404,'2016-07-14 13:06:02'),
	(4100,43,404,'2016-07-14 13:06:02'),
	(4101,43,404,'2016-07-14 13:06:02'),
	(4102,43,404,'2016-07-14 13:06:02'),
	(4103,43,404,'2016-07-14 13:06:02'),
	(4104,43,404,'2016-07-14 13:06:02'),
	(4105,43,404,'2016-07-14 13:06:02'),
	(4106,43,404,'2016-07-14 13:06:02'),
	(4107,43,404,'2016-07-14 13:06:02'),
	(4108,43,404,'2016-07-14 13:06:02'),
	(4109,43,404,'2016-07-14 13:06:02'),
	(4110,43,404,'2016-07-14 13:06:02'),
	(4111,43,404,'2016-07-14 13:06:02'),
	(4112,43,404,'2016-07-14 13:06:02'),
	(4113,43,404,'2016-07-14 13:06:03'),
	(4114,43,404,'2016-07-14 13:06:03'),
	(4115,43,404,'2016-07-14 13:06:03'),
	(4116,43,404,'2016-07-14 13:06:03'),
	(4117,43,404,'2016-07-14 13:06:03'),
	(4118,43,404,'2016-07-14 13:06:03'),
	(4119,43,404,'2016-07-14 13:06:03'),
	(4120,43,404,'2016-07-14 13:06:03'),
	(4121,43,404,'2016-07-14 13:06:03'),
	(4122,43,404,'2016-07-14 13:06:03'),
	(4123,43,404,'2016-07-14 13:06:03'),
	(4124,43,404,'2016-07-14 13:06:03'),
	(4125,43,404,'2016-07-14 13:06:03'),
	(4126,43,404,'2016-07-14 13:06:03'),
	(4127,43,404,'2016-07-14 13:06:03'),
	(4128,43,404,'2016-07-14 13:06:03'),
	(4129,43,404,'2016-07-14 13:06:03'),
	(4130,43,404,'2016-07-14 13:06:03'),
	(4131,43,404,'2016-07-14 13:06:04'),
	(4132,43,404,'2016-07-14 13:06:04'),
	(4133,43,404,'2016-07-14 13:06:04'),
	(4134,43,404,'2016-07-14 13:06:04'),
	(4135,43,404,'2016-07-14 13:06:04'),
	(4136,43,404,'2016-07-14 13:06:04'),
	(4137,43,404,'2016-07-14 13:06:04'),
	(4138,43,404,'2016-07-14 13:06:04'),
	(4139,43,404,'2016-07-14 13:06:04'),
	(4140,43,404,'2016-07-14 13:06:04'),
	(4141,43,404,'2016-07-14 13:06:04'),
	(4142,43,404,'2016-07-14 13:06:04'),
	(4143,43,404,'2016-07-14 13:06:04'),
	(4144,43,404,'2016-07-14 13:06:04'),
	(4145,43,404,'2016-07-14 13:06:04'),
	(4146,43,404,'2016-07-14 13:06:04'),
	(4147,43,404,'2016-07-14 13:06:04'),
	(4148,43,404,'2016-07-14 13:06:04'),
	(4149,43,404,'2016-07-14 13:06:04'),
	(4150,43,404,'2016-07-14 13:06:04'),
	(4151,43,404,'2016-07-14 13:06:04'),
	(4152,43,404,'2016-07-14 13:06:05'),
	(4153,43,404,'2016-07-14 13:06:05'),
	(4154,43,404,'2016-07-14 13:06:05'),
	(4155,43,404,'2016-07-14 13:06:09'),
	(4156,43,404,'2016-07-14 13:06:09'),
	(4157,43,404,'2016-07-14 13:06:09'),
	(4158,43,404,'2016-07-14 13:06:09'),
	(4159,43,404,'2016-07-14 13:06:09'),
	(4160,43,404,'2016-07-14 13:06:09'),
	(4161,43,404,'2016-07-14 13:06:09'),
	(4162,43,404,'2016-07-14 13:06:09'),
	(4163,43,404,'2016-07-14 13:06:09'),
	(4164,43,404,'2016-07-14 13:06:09'),
	(4165,43,404,'2016-07-14 13:06:09'),
	(4166,43,404,'2016-07-14 13:06:09'),
	(4167,43,404,'2016-07-14 13:06:09'),
	(4168,43,404,'2016-07-14 13:06:09'),
	(4169,43,404,'2016-07-14 13:06:09'),
	(4170,43,404,'2016-07-14 13:06:09'),
	(4171,43,404,'2016-07-14 13:06:09'),
	(4172,43,404,'2016-07-14 13:06:09'),
	(4173,43,404,'2016-07-14 13:06:09'),
	(4174,43,404,'2016-07-14 13:06:09'),
	(4175,43,404,'2016-07-14 13:06:10'),
	(4176,43,404,'2016-07-14 13:06:10'),
	(4177,43,404,'2016-07-14 13:06:10'),
	(4178,43,404,'2016-07-14 13:06:10'),
	(4179,43,404,'2016-07-14 13:06:10'),
	(4180,43,404,'2016-07-14 13:06:10'),
	(4181,43,404,'2016-07-14 13:06:10'),
	(4182,43,404,'2016-07-14 13:06:10'),
	(4183,43,404,'2016-07-14 13:06:10'),
	(4184,43,404,'2016-07-14 13:06:10'),
	(4185,43,404,'2016-07-14 13:06:10'),
	(4186,43,404,'2016-07-14 13:06:10'),
	(4187,43,404,'2016-07-14 13:06:10'),
	(4188,43,404,'2016-07-14 13:06:10'),
	(4189,43,404,'2016-07-14 13:06:10'),
	(4190,43,404,'2016-07-14 13:06:10'),
	(4191,43,404,'2016-07-14 13:06:10'),
	(4192,43,404,'2016-07-14 13:06:10'),
	(4193,43,404,'2016-07-14 13:06:10'),
	(4194,43,404,'2016-07-14 13:06:10'),
	(4195,43,404,'2016-07-14 13:06:10'),
	(4196,43,404,'2016-07-14 13:06:10'),
	(4197,43,404,'2016-07-14 13:06:10'),
	(4198,43,404,'2016-07-14 13:06:10'),
	(4199,43,404,'2016-07-14 13:06:10'),
	(4200,43,404,'2016-07-14 13:06:10'),
	(4201,43,404,'2016-07-14 13:06:10'),
	(4202,43,404,'2016-07-14 13:06:10'),
	(4203,43,404,'2016-07-14 13:06:10'),
	(4204,43,404,'2016-07-14 13:06:10'),
	(4205,43,404,'2016-07-14 13:06:10'),
	(4206,43,404,'2016-07-14 13:06:10'),
	(4207,43,404,'2016-07-14 13:06:10'),
	(4208,43,404,'2016-07-14 13:06:10'),
	(4209,43,404,'2016-07-14 13:06:10'),
	(4210,43,404,'2016-07-14 13:06:10'),
	(4211,43,404,'2016-07-14 13:06:10'),
	(4212,43,404,'2016-07-14 13:06:10'),
	(4213,43,404,'2016-07-14 13:06:11'),
	(4214,43,404,'2016-07-14 13:06:11'),
	(4215,43,404,'2016-07-14 13:06:11'),
	(4216,43,3,'2016-07-14 13:17:35'),
	(4217,43,404,'2016-07-14 13:17:36'),
	(4218,43,404,'2016-07-14 13:17:36'),
	(4219,43,3,'2016-07-14 13:19:03'),
	(4220,43,404,'2016-07-14 13:19:04'),
	(4221,43,404,'2016-07-14 13:19:04'),
	(4222,43,404,'2016-07-14 13:23:55'),
	(4223,43,404,'2016-07-14 13:23:55'),
	(4224,43,404,'2016-07-14 13:23:55'),
	(4225,43,404,'2016-07-14 13:23:55'),
	(4226,43,404,'2016-07-14 13:23:55'),
	(4227,43,404,'2016-07-14 13:23:55'),
	(4228,43,404,'2016-07-14 13:23:55'),
	(4229,43,404,'2016-07-14 13:23:55'),
	(4230,43,404,'2016-07-14 13:23:55'),
	(4231,43,404,'2016-07-14 13:23:55'),
	(4232,43,404,'2016-07-14 13:23:55'),
	(4233,43,404,'2016-07-14 13:23:55'),
	(4234,43,404,'2016-07-14 13:23:56'),
	(4235,43,404,'2016-07-14 13:23:56'),
	(4236,43,404,'2016-07-14 13:23:56'),
	(4237,43,404,'2016-07-14 13:23:56'),
	(4238,43,404,'2016-07-14 13:23:56'),
	(4239,43,404,'2016-07-14 13:23:56'),
	(4240,43,404,'2016-07-14 13:23:56'),
	(4241,43,404,'2016-07-14 13:23:56'),
	(4242,43,404,'2016-07-14 13:23:56'),
	(4243,43,404,'2016-07-14 13:23:56'),
	(4244,43,404,'2016-07-14 13:23:56'),
	(4245,43,404,'2016-07-14 13:23:56'),
	(4246,43,404,'2016-07-14 13:23:56'),
	(4247,43,404,'2016-07-14 13:23:56'),
	(4248,43,404,'2016-07-14 13:23:56'),
	(4249,43,404,'2016-07-14 13:23:56'),
	(4250,43,404,'2016-07-14 13:23:56'),
	(4251,43,404,'2016-07-14 13:23:56'),
	(4252,43,404,'2016-07-14 13:23:56'),
	(4253,43,404,'2016-07-14 13:23:56'),
	(4254,43,404,'2016-07-14 13:23:56'),
	(4255,43,404,'2016-07-14 13:23:56'),
	(4256,43,404,'2016-07-14 13:23:56'),
	(4257,43,404,'2016-07-14 13:23:56'),
	(4258,43,404,'2016-07-14 13:23:56'),
	(4259,43,404,'2016-07-14 13:23:56'),
	(4260,43,404,'2016-07-14 13:23:56'),
	(4261,43,404,'2016-07-14 13:23:56'),
	(4262,43,404,'2016-07-14 13:23:56'),
	(4263,43,404,'2016-07-14 13:23:56'),
	(4264,43,404,'2016-07-14 13:23:56'),
	(4265,43,404,'2016-07-14 13:23:56'),
	(4266,43,404,'2016-07-14 13:23:56'),
	(4267,43,404,'2016-07-14 13:23:56'),
	(4268,43,404,'2016-07-14 13:23:56'),
	(4269,43,404,'2016-07-14 13:23:56'),
	(4270,43,404,'2016-07-14 13:23:56'),
	(4271,43,404,'2016-07-14 13:23:56'),
	(4272,43,404,'2016-07-14 13:23:56'),
	(4273,43,404,'2016-07-14 13:23:56'),
	(4274,43,404,'2016-07-14 13:23:56'),
	(4275,43,404,'2016-07-14 13:23:56'),
	(4276,43,404,'2016-07-14 13:23:56'),
	(4277,43,404,'2016-07-14 13:23:56'),
	(4278,43,404,'2016-07-14 13:23:57'),
	(4279,43,404,'2016-07-14 13:23:57'),
	(4280,43,404,'2016-07-14 13:23:57'),
	(4281,43,3,'2016-07-14 13:24:04'),
	(4282,43,404,'2016-07-14 13:24:04'),
	(4283,43,404,'2016-07-14 13:24:04'),
	(4284,43,404,'2016-07-14 13:25:36'),
	(4285,43,404,'2016-07-14 13:25:36'),
	(4286,43,404,'2016-07-14 13:25:36'),
	(4287,43,404,'2016-07-14 13:25:36'),
	(4288,43,404,'2016-07-14 13:25:36'),
	(4289,43,404,'2016-07-14 13:25:36'),
	(4290,43,404,'2016-07-14 13:25:37'),
	(4291,43,404,'2016-07-14 13:25:37'),
	(4292,43,404,'2016-07-14 13:25:37'),
	(4293,43,404,'2016-07-14 13:25:37'),
	(4294,43,404,'2016-07-14 13:25:37'),
	(4295,43,404,'2016-07-14 13:25:37'),
	(4296,43,404,'2016-07-14 13:25:37'),
	(4297,43,404,'2016-07-14 13:25:37'),
	(4298,43,404,'2016-07-14 13:25:37'),
	(4299,43,404,'2016-07-14 13:25:37'),
	(4300,43,404,'2016-07-14 13:25:37'),
	(4301,43,404,'2016-07-14 13:25:37'),
	(4302,43,404,'2016-07-14 13:25:38'),
	(4303,43,404,'2016-07-14 13:25:38'),
	(4304,43,404,'2016-07-14 13:25:38'),
	(4305,43,404,'2016-07-14 13:25:38'),
	(4306,43,404,'2016-07-14 13:25:38'),
	(4307,43,404,'2016-07-14 13:25:38'),
	(4308,43,404,'2016-07-14 13:25:38'),
	(4309,43,404,'2016-07-14 13:25:38'),
	(4310,43,404,'2016-07-14 13:25:38'),
	(4311,43,404,'2016-07-14 13:25:38'),
	(4312,43,404,'2016-07-14 13:25:38'),
	(4313,43,404,'2016-07-14 13:25:38'),
	(4314,43,404,'2016-07-14 13:25:38'),
	(4315,43,404,'2016-07-14 13:25:38'),
	(4316,43,404,'2016-07-14 13:25:38'),
	(4317,43,404,'2016-07-14 13:25:38'),
	(4318,43,404,'2016-07-14 13:25:38'),
	(4319,43,404,'2016-07-14 13:25:38'),
	(4320,43,404,'2016-07-14 13:25:38'),
	(4321,43,404,'2016-07-14 13:25:38'),
	(4322,43,404,'2016-07-14 13:25:38'),
	(4323,43,404,'2016-07-14 13:25:38'),
	(4324,43,404,'2016-07-14 13:25:38'),
	(4325,43,404,'2016-07-14 13:25:38'),
	(4326,43,404,'2016-07-14 13:25:38'),
	(4327,43,404,'2016-07-14 13:25:38'),
	(4328,43,404,'2016-07-14 13:25:39'),
	(4329,43,404,'2016-07-14 13:25:39'),
	(4330,43,404,'2016-07-14 13:25:39'),
	(4331,43,404,'2016-07-14 13:25:39'),
	(4332,43,404,'2016-07-14 13:25:39'),
	(4333,43,404,'2016-07-14 13:25:39'),
	(4334,43,404,'2016-07-14 13:25:39'),
	(4335,43,404,'2016-07-14 13:34:06'),
	(4336,43,404,'2016-07-14 13:34:06'),
	(4337,43,404,'2016-07-14 13:34:06'),
	(4338,43,404,'2016-07-14 13:34:06'),
	(4339,43,404,'2016-07-14 13:34:06'),
	(4340,43,404,'2016-07-14 13:34:06'),
	(4341,43,404,'2016-07-14 13:34:06'),
	(4342,43,404,'2016-07-14 13:34:06'),
	(4343,43,404,'2016-07-14 13:34:06'),
	(4344,43,404,'2016-07-14 13:34:06'),
	(4345,43,404,'2016-07-14 13:34:06'),
	(4346,43,404,'2016-07-14 13:34:06'),
	(4347,43,404,'2016-07-14 13:34:06'),
	(4348,43,404,'2016-07-14 13:34:06'),
	(4349,43,404,'2016-07-14 13:34:06'),
	(4350,43,404,'2016-07-14 13:34:06'),
	(4351,43,404,'2016-07-14 13:34:06'),
	(4352,43,404,'2016-07-14 13:34:06'),
	(4353,43,404,'2016-07-14 13:34:06'),
	(4354,43,404,'2016-07-14 13:34:06'),
	(4355,43,404,'2016-07-14 13:34:06'),
	(4356,43,404,'2016-07-14 13:34:06'),
	(4357,43,404,'2016-07-14 13:34:06'),
	(4358,43,404,'2016-07-14 13:34:06'),
	(4359,43,404,'2016-07-14 13:34:06'),
	(4360,43,404,'2016-07-14 13:34:06'),
	(4361,43,404,'2016-07-14 13:34:06'),
	(4362,43,404,'2016-07-14 13:34:06'),
	(4363,43,404,'2016-07-14 13:34:06'),
	(4364,43,404,'2016-07-14 13:34:06'),
	(4365,43,404,'2016-07-14 13:34:06'),
	(4366,43,404,'2016-07-14 13:34:06'),
	(4367,43,404,'2016-07-14 13:34:06'),
	(4368,43,404,'2016-07-14 13:34:06'),
	(4369,43,404,'2016-07-14 13:34:06'),
	(4370,43,404,'2016-07-14 13:34:06'),
	(4371,43,404,'2016-07-14 13:34:06'),
	(4372,43,404,'2016-07-14 13:34:06'),
	(4373,43,404,'2016-07-14 13:34:06'),
	(4374,43,404,'2016-07-14 13:34:06'),
	(4375,43,404,'2016-07-14 13:34:06'),
	(4376,43,404,'2016-07-14 13:34:06'),
	(4377,43,404,'2016-07-14 13:34:06'),
	(4378,43,404,'2016-07-14 13:34:06'),
	(4379,43,404,'2016-07-14 13:34:06'),
	(4380,43,404,'2016-07-14 13:34:06'),
	(4381,43,404,'2016-07-14 13:34:06'),
	(4382,43,404,'2016-07-14 13:34:07'),
	(4383,43,404,'2016-07-14 13:34:07'),
	(4384,43,404,'2016-07-14 13:34:07'),
	(4385,43,404,'2016-07-14 13:34:07'),
	(4386,43,3,'2016-07-14 13:34:52'),
	(4387,43,404,'2016-07-14 13:34:53'),
	(4388,43,404,'2016-07-14 13:34:53'),
	(4389,43,3,'2016-07-14 13:36:08'),
	(4390,43,404,'2016-07-14 13:36:08'),
	(4391,43,404,'2016-07-14 13:36:08'),
	(4392,43,3,'2016-07-14 13:38:14'),
	(4393,43,404,'2016-07-14 13:38:14'),
	(4394,43,404,'2016-07-14 13:38:14'),
	(4395,43,404,'2016-07-14 13:38:14'),
	(4396,43,404,'2016-07-14 13:38:14'),
	(4397,43,404,'2016-07-14 13:38:14'),
	(4398,43,404,'2016-07-14 13:38:14'),
	(4399,43,404,'2016-07-14 13:38:15'),
	(4400,43,3,'2016-07-14 13:39:59'),
	(4401,43,404,'2016-07-14 13:40:00'),
	(4402,43,404,'2016-07-14 13:40:00'),
	(4403,43,404,'2016-07-14 13:40:00'),
	(4404,43,404,'2016-07-14 13:40:00'),
	(4405,43,404,'2016-07-14 13:40:00'),
	(4406,43,404,'2016-07-14 13:40:00'),
	(4407,43,404,'2016-07-14 13:40:00'),
	(4408,43,3,'2016-07-14 13:44:48'),
	(4409,43,404,'2016-07-14 13:44:48'),
	(4410,43,404,'2016-07-14 13:44:48'),
	(4411,43,404,'2016-07-14 13:44:48'),
	(4412,43,404,'2016-07-14 13:44:48'),
	(4413,43,404,'2016-07-14 13:44:48'),
	(4414,43,404,'2016-07-14 13:44:48'),
	(4415,43,3,'2016-07-14 13:45:14'),
	(4416,43,404,'2016-07-14 13:45:14'),
	(4417,43,404,'2016-07-14 13:45:14'),
	(4418,43,404,'2016-07-14 13:45:14'),
	(4419,43,404,'2016-07-14 13:45:14'),
	(4420,43,404,'2016-07-14 13:45:14'),
	(4421,43,3,'2016-07-14 13:46:02'),
	(4422,43,404,'2016-07-14 13:46:02'),
	(4423,43,404,'2016-07-14 13:46:02'),
	(4424,43,404,'2016-07-14 13:46:02'),
	(4425,43,404,'2016-07-14 13:46:02'),
	(4426,43,404,'2016-07-14 13:46:02'),
	(4427,43,3,'2016-07-14 13:46:17'),
	(4428,43,404,'2016-07-14 13:46:17'),
	(4429,43,404,'2016-07-14 13:46:17'),
	(4430,43,404,'2016-07-14 13:46:17'),
	(4431,43,404,'2016-07-14 13:46:17'),
	(4432,43,404,'2016-07-14 13:46:17'),
	(4433,43,3,'2016-07-14 13:46:43'),
	(4434,43,404,'2016-07-14 13:46:43'),
	(4435,43,404,'2016-07-14 13:46:43'),
	(4436,43,404,'2016-07-14 13:46:43'),
	(4437,43,404,'2016-07-14 13:46:43'),
	(4438,43,404,'2016-07-14 13:46:43'),
	(4439,43,3,'2016-07-14 13:47:18'),
	(4440,43,404,'2016-07-14 13:47:19'),
	(4441,43,404,'2016-07-14 13:47:19'),
	(4442,43,404,'2016-07-14 13:47:19'),
	(4443,43,404,'2016-07-14 13:47:19'),
	(4444,43,404,'2016-07-14 13:47:19');

/*!40000 ALTER TABLE `visits` ENABLE KEYS */;
UNLOCK TABLES;


# Dump of table warehouse
# ------------------------------------------------------------

DROP TABLE IF EXISTS `warehouse`;

CREATE TABLE `warehouse` (
  `id` int(11) unsigned NOT NULL AUTO_INCREMENT,
  `psId` int(11) unsigned NOT NULL,
  `price` int(11) unsigned DEFAULT NULL,
  `instock` int(11) unsigned NOT NULL DEFAULT '0',
  `onhold` int(11) unsigned NOT NULL DEFAULT '0',
  PRIMARY KEY (`id`),
  KEY `psId` (`psId`),
  CONSTRAINT `warehouse_ibfk_1` FOREIGN KEY (`psId`) REFERENCES `goods-sizes` (`id`) ON DELETE CASCADE ON UPDATE CASCADE
) ENGINE=InnoDB DEFAULT CHARSET=utf8;




/*!40111 SET SQL_NOTES=@OLD_SQL_NOTES */;
/*!40101 SET SQL_MODE=@OLD_SQL_MODE */;
/*!40014 SET FOREIGN_KEY_CHECKS=@OLD_FOREIGN_KEY_CHECKS */;
/*!40101 SET CHARACTER_SET_CLIENT=@OLD_CHARACTER_SET_CLIENT */;
/*!40101 SET CHARACTER_SET_RESULTS=@OLD_CHARACTER_SET_RESULTS */;
/*!40101 SET COLLATION_CONNECTION=@OLD_COLLATION_CONNECTION */;
